alpha_gate,gate,HOTA,DetA,AssA,DetRe,DetPr,AssRe,AssPr,LocA,RHOTA,HOTA(0),LocA(0),HOTALocA(0),MOTA,MOTP,MODA,CLR_Re,CLR_Pr,MTR,PTR,MLR,CLR_TP,CLR_FN,CLR_FP,IDSW,MT,PT,ML,Frag,sMOTA,IDF1,IDR,IDP,IDTP,IDFN,IDFP,Dets,GT_Dets,IDs,"GT_IDs
"
0.1,0.4,67.187,66.097,68.768,70.763,83.954,74.69,82.133,87.02,69.692,78.371,84.31,66.075,76.541,85.33,77.226,80.757,95.81,53.392,31.858,14.749,43520,10370,1903,369,181,108,50,458,64.694,78.233,72.088,85.525,38848,15042,6575,45423,53890,396,"339
"
0.4,0.3,69.301,66.943,72.194,71.494,84.22,76.927,84.837,86.984,71.785,81.019,84.406,68.384,78.248,85.166,78.558,81.724,96.271,56.637,28.614,14.749,44041,9849,1706,167,192,97,50,290,66.125,81.827,75.645,89.11,40765,13125,4982,45747,53890,409,"339
"
1.0,0.5,68.205,67.06,69.86,72.063,83.566,77.508,80.478,86.889,70.885,79.696,84.191,67.097,78.076,85.113,78.371,82.303,95.44,57.522,28.319,14.159,44353,9537,2119,159,195,96,48,285,65.824,79.837,74.342,86.209,40063,13827,6409,46472,53890,328,"339
"
0.6,1.0,63.624,65.638,62.214,71.676,81.785,75.361,70.517,86.677,66.683,74.619,83.518,62.32,75.671,84.947,76.343,81.991,93.555,57.817,28.614,13.569,44185,9705,3044,362,196,97,46,453,63.329,72.56,68.076,77.677,36686,17204,10543,47229,53890,223,"339
"
0.4,0.5,68.291,66.475,70.642,71.422,83.587,77.125,81.993,86.946,70.964,79.831,84.175,67.198,77.153,85.224,77.597,81.522,95.407,55.457,30.088,14.454,43932,9958,2115,239,188,102,49,349,65.108,79.722,73.921,86.512,39836,14054,6211,46047,53890,369,"339
"
0.2,0.8,64.21,65.186,63.754,71.171,81.867,75.382,72.943,86.839,67.279,75.058,83.727,62.844,74.55,85.228,75.426,81.18,93.381,54.867,31.563,13.569,43748,10142,3101,472,186,107,46,516,62.558,73.09,68.315,78.582,36815,17075,10034,46849,53890,269,"339
"
0.5,0.5,67.993,66.826,69.655,71.691,83.753,77.068,80.649,86.946,70.601,79.396,84.264,66.902,77.641,85.172,78.061,81.83,95.597,55.457,30.383,14.159,44098,9792,2031,226,188,103,48,334,65.508,78.969,73.283,85.612,39492,14398,6637,46129,53890,353,"339
"
0.3,0.8,63.938,65.325,63.096,71.16,82.091,74.989,72.668,86.822,66.921,74.825,83.731,62.652,75.136,85.175,75.866,81.275,93.76,53.982,32.743,13.274,43799,10091,2915,393,183,111,45,476,63.088,72.613,67.779,78.191,36526,17364,10188,46714,53890,284,"339
"
0.5,0.6,67.444,66.246,69.154,71.646,82.877,77.268,78.989,86.862,70.319,78.92,83.931,66.239,76.615,85.131,77.114,81.781,94.601,55.752,30.973,13.274,44072,9818,2515,269,189,105,45,361,64.455,78.235,72.934,84.367,39304,14586,7283,46587,53890,311,"339
"
0.0,0.2,69.385,67.096,72.223,71.655,84.215,76.893,85.353,86.953,71.877,81.156,84.361,68.464,78.343,85.195,78.655,81.87,96.221,56.342,28.909,14.749,44120,9770,1733,168,191,98,50,288,66.222,81.421,75.35,88.557,40606,13284,5247,45853,53890,401,"339
"
0.0,0.3,68.968,66.772,71.698,71.445,84.024,76.813,84.36,86.976,71.511,80.682,84.346,68.051,78.007,85.292,78.408,81.718,96.107,57.227,28.614,14.159,44038,9852,1784,216,194,97,48,319,65.988,81.186,75.109,88.333,40476,13414,5346,45822,53890,388,"339
"
0.4,0.9,64.429,65.274,64.103,71.264,81.799,76.621,72.561,86.716,67.506,75.684,83.539,63.225,75.159,84.976,75.868,81.494,93.542,56.047,30.678,13.274,43917,9973,3032,382,190,104,45,447,62.915,73.831,69.076,79.288,37225,16665,9724,46949,53890,267,"339
"
0.5,0.0,69.178,67.265,71.604,71.653,84.513,76.77,84.145,87.019,71.569,80.642,84.553,68.185,78.473,85.154,78.72,81.752,96.424,56.637,28.024,15.339,44056,9834,1634,133,192,95,52,266,66.336,80.922,74.765,88.183,40291,13599,5399,45690,53890,398,"339
"
0.4,0.0,69.178,67.265,71.604,71.653,84.513,76.77,84.145,87.019,71.569,80.642,84.553,68.185,78.473,85.154,78.72,81.752,96.424,56.637,28.024,15.339,44056,9834,1634,133,192,95,52,266,66.336,80.922,74.765,88.183,40291,13599,5399,45690,53890,398,"339
"
1.0,1.0,63.092,65.676,61.16,71.93,81.552,75.361,69.071,86.713,66.228,73.913,83.507,61.722,75.765,85.076,76.433,82.318,93.329,58.112,28.319,13.569,44361,9529,3171,360,197,96,46,427,63.481,71.058,66.866,75.81,36034,17856,11498,47532,53890,220,"339
"
0.2,0.9,63.614,65.099,62.686,71.178,81.729,75.146,71.558,86.845,66.709,74.332,83.706,62.22,74.505,85.186,75.337,81.214,93.252,54.277,31.858,13.864,43766,10124,3167,448,184,108,47,506,62.475,71.829,67.192,77.153,36210,17680,10723,46933,53890,261,"339
"
0.4,0.2,69.223,67.473,71.48,71.948,84.397,76.465,84.314,86.974,71.654,80.82,84.459,68.26,78.744,85.097,78.996,82.123,96.332,57.522,28.024,14.454,44256,9634,1685,136,195,95,49,261,66.505,81.203,75.214,88.228,40533,13357,5408,45941,53890,401,"339
"
0.5,0.2,69.41,67.45,71.891,71.948,84.356,76.818,84.569,86.961,71.859,81.055,84.43,68.435,78.785,85.093,79.026,82.158,96.327,57.522,28.024,14.454,44275,9615,1688,130,195,95,49,257,66.537,81.289,75.311,88.299,40585,13305,5378,45963,53890,400,"339
"
0.6,0.2,69.519,67.467,72.093,71.918,84.427,77.04,84.56,86.971,71.946,81.182,84.485,68.586,78.816,85.092,79.055,82.119,96.403,57.227,28.319,14.454,44254,9636,1651,129,194,96,49,262,66.574,81.513,75.474,88.603,40673,13217,5232,45905,53890,397,"339
"
0.2,0.6,65.866,65.531,66.699,71.002,82.686,75.652,77.54,86.938,68.742,76.905,83.978,64.583,75.459,85.239,76.202,81.035,94.371,55.752,30.088,14.159,43670,10220,2605,400,189,102,48,456,63.497,75.925,70.56,82.172,38025,15865,8250,46275,53890,314,"339
"
0.2,0.4,67.72,66.263,69.656,70.985,83.88,75.475,82.785,86.993,70.258,79.138,84.307,66.718,77.057,85.261,77.59,81.108,95.843,55.162,30.088,14.749,43709,10181,1896,287,187,102,50,415,65.102,79.58,73.463,86.808,39589,14301,6016,45605,53890,404,"339
"
0.1,0.3,68.648,66.677,71.151,71.246,84.163,75.795,85.038,87.008,71.135,80.205,84.425,67.713,77.803,85.261,78.213,81.433,96.197,56.932,28.319,14.749,43884,10006,1735,221,193,96,50,334,65.801,80.612,74.426,87.92,40108,13782,5511,45619,53890,416,"339
"
0.4,1.0,63.698,65.165,62.783,71.154,81.78,75.895,70.887,86.718,66.75,74.697,83.567,62.422,74.819,84.923,75.565,81.286,93.425,55.752,30.678,13.569,43805,10085,3083,402,189,104,46,487,62.564,72.569,67.855,77.988,36567,17323,10321,46888,53890,268,"339
"
0.9,0.8,63.969,65.767,62.768,71.851,81.724,76.139,70.703,86.615,67.063,75.125,83.463,62.702,76.007,84.865,76.66,82.29,93.596,57.522,30.383,12.094,44346,9544,3034,352,195,103,41,449,63.552,72.675,68.285,77.668,36799,17091,10581,47380,53890,225,"339
"
0.5,0.4,68.606,66.927,70.794,71.631,83.976,76.958,82.367,86.935,71.149,80.129,84.311,67.557,77.905,85.209,78.267,81.783,95.878,55.752,29.204,15.044,44073,9817,1895,195,189,99,51,312,65.809,80.194,74.299,87.104,40040,13850,5928,45968,53890,389,"339
"
0.9,0.1,69.204,67.333,71.587,71.727,84.514,76.745,84.161,87.017,71.597,80.674,84.553,68.212,78.562,85.152,78.809,81.839,96.43,56.932,28.614,14.454,44103,9787,1633,133,193,97,49,267,66.41,80.947,74.823,88.162,40322,13568,5414,45736,53890,401,"339
"
0.5,1.0,64.427,65.259,64.121,71.396,81.597,76.383,72.498,86.702,67.577,75.664,83.516,63.192,74.895,84.94,75.663,81.581,93.237,55.457,30.973,13.569,43964,9926,3189,414,188,105,46,463,62.609,73.901,69.282,79.181,37336,16554,9817,47153,53890,235,"339
"
0.3,1.0,64.572,65.169,64.484,70.924,82.11,75.948,73.178,86.75,67.547,75.766,83.637,63.369,75.081,84.946,75.79,81.084,93.871,54.277,30.383,15.339,43696,10194,2853,382,184,103,52,477,62.875,74.459,69.388,80.33,37393,16497,9156,46549,53890,283,"339
"
1.0,0.0,69.178,67.265,71.604,71.653,84.513,76.77,84.145,87.019,71.569,80.642,84.553,68.185,78.473,85.154,78.72,81.752,96.424,56.637,28.024,15.339,44056,9834,1634,133,192,95,52,266,66.336,80.922,74.765,88.183,40291,13599,5399,45690,53890,398,"339
"
0.7,1.0,63.181,65.333,61.646,71.651,81.348,75.217,69.897,86.66,66.364,74.137,83.394,61.826,75.212,84.944,75.869,81.974,93.069,57.227,28.909,13.864,44176,9714,3290,354,194,98,47,444,62.87,71.895,67.61,76.76,36435,17455,11031,47466,53890,217,"339
"
0.8,0.1,69.204,67.333,71.587,71.727,84.514,76.745,84.161,87.017,71.597,80.674,84.553,68.212,78.562,85.152,78.809,81.839,96.43,56.932,28.614,14.454,44103,9787,1633,133,193,97,49,267,66.41,80.947,74.823,88.162,40322,13568,5414,45736,53890,401,"339
"
0.8,0.0,69.178,67.265,71.604,71.653,84.513,76.77,84.145,87.019,71.569,80.642,84.553,68.185,78.473,85.154,78.72,81.752,96.424,56.637,28.024,15.339,44056,9834,1634,133,192,95,52,266,66.336,80.922,74.765,88.183,40291,13599,5399,45690,53890,398,"339
"
0.8,0.3,69.21,67.415,71.514,71.967,84.278,77.072,83.786,86.971,71.68,80.852,84.462,68.289,78.718,85.093,78.953,82.173,96.23,57.227,28.614,14.159,44283,9607,1735,127,194,97,48,261,66.468,81.211,75.279,88.157,40568,13322,5450,46018,53890,389,"339
"
1.0,0.2,69.332,67.481,71.697,71.92,84.452,76.866,84.219,86.981,71.748,80.9,84.51,68.369,78.812,85.103,79.048,82.104,96.411,57.227,28.319,14.454,44246,9644,1647,127,194,96,49,256,66.581,81.284,75.253,88.366,40554,13336,5339,45893,53890,397,"339
"
0.6,0.1,69.319,67.302,71.854,71.693,84.513,76.778,84.479,87.017,71.714,80.812,84.552,68.328,78.517,85.153,78.77,81.8,96.428,56.932,28.614,14.454,44082,9808,1633,136,193,97,49,270,66.373,81.004,74.86,88.247,40342,13548,5373,45715,53890,404,"339
"
0.2,0.2,69.261,67.353,71.68,71.793,84.445,76.64,84.735,87.002,71.677,80.854,84.516,68.334,78.644,85.193,78.916,81.967,96.412,57.227,28.319,14.454,44172,9718,1644,147,194,96,49,274,66.507,81.271,75.183,88.432,40516,13374,5300,45816,53890,406,"339
"
0.7,0.5,67.784,66.772,69.297,71.836,83.441,76.641,80.469,86.883,70.487,79.278,84.104,66.676,77.664,85.116,78.046,82.069,95.327,55.752,29.794,14.454,44227,9663,2168,206,189,101,49,324,65.448,79.184,73.678,85.58,39705,14185,6690,46395,53890,346,"339
"
1.0,0.1,69.204,67.333,71.587,71.727,84.514,76.745,84.161,87.017,71.597,80.674,84.553,68.212,78.562,85.152,78.809,81.839,96.43,56.932,28.614,14.454,44103,9787,1633,133,193,97,49,267,66.41,80.947,74.823,88.162,40322,13568,5414,45736,53890,401,"339
"
0.5,0.3,69.443,67.186,72.226,71.684,84.337,77.433,84.668,87.002,71.898,81.092,84.49,68.515,78.41,85.147,78.681,81.839,96.284,56.637,28.614,14.749,44103,9787,1702,146,192,97,50,279,66.254,81.43,75.322,88.617,40591,13299,5214,45805,53890,408,"339
"
0.0,0.9,61.582,64.624,59.241,71.357,80.681,74.828,66.069,86.686,64.913,72.187,83.223,60.076,73.5,85.131,74.604,81.523,92.176,53.982,33.333,12.684,43933,9957,3729,595,183,113,43,625,61.378,69.048,65.058,73.56,35060,18830,12602,47662,53890,187,"339
"
0.7,0.7,65.88,66.229,66.077,71.895,82.434,76.545,75.323,86.738,68.838,77.069,83.722,64.524,76.686,84.93,77.176,82.195,94.245,57.522,29.794,12.684,44295,9595,2705,264,195,101,43,357,64.299,75.893,71.041,81.455,38284,15606,8716,47000,53890,268,"339
"
0.3,0.0,69.178,67.265,71.604,71.653,84.513,76.77,84.145,87.019,71.569,80.642,84.553,68.185,78.473,85.154,78.72,81.752,96.424,56.637,28.024,15.339,44056,9834,1634,133,192,95,52,266,66.336,80.922,74.765,88.183,40291,13599,5399,45690,53890,398,"339
"
0.7,0.2,69.506,67.483,72.049,71.931,84.435,76.999,84.554,86.974,71.931,81.155,84.491,68.568,78.835,85.096,79.067,82.128,96.406,57.227,28.319,14.454,44259,9631,1650,125,194,96,49,259,66.594,81.514,75.478,88.599,40675,13215,5234,45909,53890,396,"339
"
0.8,0.9,63.752,65.919,62.2,71.966,81.896,75.386,70.726,86.75,66.81,74.619,83.668,62.432,76.007,85.065,76.619,82.247,93.595,57.522,28.614,13.864,44323,9567,3033,330,195,97,47,417,63.723,72.552,68.154,77.557,36728,17162,10628,47356,53890,230,"339
"
0.7,0.0,69.178,67.265,71.604,71.653,84.513,76.77,84.145,87.019,71.569,80.642,84.553,68.185,78.473,85.154,78.72,81.752,96.424,56.637,28.024,15.339,44056,9834,1634,133,192,95,52,266,66.336,80.922,74.765,88.183,40291,13599,5399,45690,53890,398,"339
"
0.7,0.8,63.816,65.686,62.545,71.765,81.743,75.369,71.926,86.679,66.903,74.813,83.5,62.469,75.823,84.824,76.459,82.127,93.545,57.227,29.204,13.569,44258,9632,3054,343,194,99,46,405,63.36,72.73,68.291,77.786,36802,17088,10510,47312,53890,237,"339
"
0.4,0.4,68.775,66.722,71.364,71.47,83.907,77.28,82.855,86.964,71.354,80.414,84.258,67.755,77.71,85.223,78.096,81.637,95.843,55.752,29.204,15.044,43994,9896,1908,208,189,99,51,324,65.646,80.626,74.65,87.641,40229,13661,5673,45902,53890,383,"339
"
0.6,0.3,69.221,67.296,71.658,71.821,84.312,76.992,83.952,86.991,71.68,80.78,84.515,68.271,78.454,85.119,78.72,81.952,96.205,57.522,28.024,14.454,44164,9726,1742,143,195,95,49,278,66.259,81.003,75.003,88.047,40419,13471,5487,45906,53890,402,"339
"
0.1,0.5,66.245,65.746,67.247,71.065,82.902,75.09,79.012,86.878,69.056,77.546,83.882,65.047,75.984,85.22,76.729,81.225,94.755,54.867,30.383,14.749,43772,10118,2423,401,186,103,50,454,63.979,76.447,70.989,82.814,38256,15634,7939,46195,53890,348,"339
"
0.5,0.9,65.186,65.501,65.372,71.529,81.844,77.317,73.46,86.764,68.303,76.572,83.601,64.015,75.233,85.102,75.962,81.679,93.458,56.047,30.383,13.569,44017,9873,3081,393,190,103,46,435,63.064,74.728,70.019,80.116,37733,16157,9365,47098,53890,237,"339
"
0.1,0.1,69.272,67.232,71.835,71.652,84.443,76.772,84.683,86.984,71.684,80.808,84.503,68.285,78.549,85.228,78.796,81.824,96.431,57.227,28.319,14.454,44095,9795,1632,133,194,96,49,267,66.462,80.998,74.864,88.228,40344,13546,5383,45727,53890,403,"339
"
0.8,0.2,69.332,67.481,71.697,71.92,84.452,76.866,84.219,86.981,71.748,80.9,84.51,68.369,78.812,85.103,79.048,82.104,96.411,57.227,28.319,14.454,44246,9644,1647,127,194,96,49,256,66.581,81.284,75.253,88.366,40554,13336,5339,45893,53890,397,"339
"
0.7,0.4,68.697,67.091,70.807,71.727,84.099,76.884,82.864,86.939,71.204,80.307,84.37,67.755,78.293,85.184,78.597,81.943,96.077,57.522,27.434,15.044,44159,9731,1803,164,195,93,51,301,66.152,80.449,74.531,87.387,40165,13725,5797,45962,53890,386,"339
"
0.8,0.8,63.764,65.746,62.409,71.827,81.751,75.456,70.742,86.66,66.853,74.645,83.507,62.334,75.855,84.9,76.511,82.186,93.541,57.522,28.614,13.864,44290,9600,3058,354,195,97,47,421,63.444,73.081,68.645,78.13,36993,16897,10355,47348,53890,236,"339
"
0.6,0.7,66.304,66.105,67.045,71.762,82.428,76.949,76.152,86.743,69.279,77.622,83.738,64.999,76.493,84.894,77.055,82.058,94.254,56.047,30.088,13.864,44221,9669,2696,303,190,102,47,372,64.097,76.449,71.503,82.13,38533,15357,8384,46917,53890,270,"339
"
0.3,0.5,68.332,66.32,70.868,71.175,83.711,77.223,82.386,86.996,70.96,79.841,84.272,67.284,76.96,85.3,77.447,81.236,95.543,55.457,29.499,15.044,43778,10112,2042,262,188,100,51,391,65.018,79.876,73.895,86.91,39822,14068,5998,45820,53890,370,"339
"
0.6,0.4,68.661,67.091,70.733,71.853,83.939,76.76,82.732,86.962,71.229,80.164,84.363,67.628,78.07,85.103,78.38,81.991,95.782,56.342,29.204,14.454,44185,9705,1946,167,191,99,49,301,65.856,80.623,74.819,87.403,40320,13570,5811,46131,53890,379,"339
"
0.2,0.1,69.504,67.281,72.257,71.706,84.435,77.202,84.822,86.972,71.923,81.14,84.477,68.545,78.592,85.279,78.831,81.878,96.412,57.227,28.319,14.454,44124,9766,1642,129,194,96,49,267,66.538,81.36,75.227,88.581,40540,13350,5226,45766,53890,402,"339
"
0.0,0.6,63.15,65.073,61.826,71.347,81.422,75,70.073,86.734,66.322,74.011,83.403,61.727,74.147,85.171,75.443,81.535,93.048,56.932,29.794,13.274,43939,9951,3283,698,193,101,45,580,62.057,71.91,67.461,76.987,36355,17535,10867,47222,53890,234,"339
"
0.6,0.0,69.178,67.265,71.604,71.653,84.513,76.77,84.145,87.019,71.569,80.642,84.553,68.185,78.473,85.154,78.72,81.752,96.424,56.637,28.024,15.339,44056,9834,1634,133,192,95,52,266,66.336,80.922,74.765,88.183,40291,13599,5399,45690,53890,398,"339
"
0.2,0.0,68.98,67.092,71.38,71.494,84.454,76.652,84.314,86.998,71.377,80.468,84.498,67.993,78.399,85.291,78.649,81.652,96.453,57.227,27.139,15.634,44002,9888,1618,135,194,92,53,277,66.388,80.525,74.346,87.823,40065,13825,5555,45620,53890,398,"339
"
0.0,0.7,61.99,64.767,59.869,71.24,81.045,74.465,67.145,86.683,65.21,72.839,83.289,60.667,73.502,85.053,75.127,81.514,92.734,56.342,30.973,12.684,43928,9962,3442,876,191,105,43,675,61.318,70.067,65.829,74.889,35475,18415,11895,47370,53890,202,"339
"
0.0,0.4,66.854,65.886,68.322,71.01,83.214,74.833,80.689,86.881,69.583,78.331,83.902,65.722,76.446,85.299,77.126,81.23,95.19,55.457,29.794,14.749,43775,10115,2212,366,188,101,50,470,64.505,77.962,72.245,84.661,38933,14957,7054,45987,53890,356,"339
"
0.1,0.8,63.271,65.197,61.936,71.287,81.699,74.673,70.598,86.768,66.356,74.059,83.533,61.863,74.507,85.077,75.498,81.377,93.263,55.752,30.973,13.274,43854,10036,3168,534,189,105,45,594,62.363,71.205,66.667,76.405,35927,17963,11095,47022,53890,238,"339
"
1.0,0.8,63.71,65.664,62.368,71.797,81.645,75.709,70.698,86.621,66.821,74.752,83.431,62.366,75.971,84.879,76.567,82.253,93.535,57.522,29.794,12.684,44326,9564,3064,321,195,101,43,405,63.534,72.771,68.382,77.761,36851,17039,10539,47390,53890,228,"339
"
0.1,0.9,63.379,65.144,62.191,71.347,81.532,75.48,70.235,86.757,66.522,74.191,83.488,61.94,74.415,85.067,75.383,81.446,93.072,54.572,32.153,13.274,43891,9999,3267,522,185,109,45,584,62.252,71.481,67.016,76.583,36115,17775,11043,47158,53890,234,"339
"
0.8,0.4,68.542,67.199,70.383,71.919,84.006,76.612,82.324,86.955,71.083,80.007,84.399,67.525,78.337,85.089,78.612,82.112,95.912,57.817,27.434,14.749,44250,9640,1886,148,196,93,50,283,66.094,80.399,74.615,87.155,40210,13680,5926,46136,53890,370,"339
"
0.3,0.6,66.493,65.792,67.713,71.117,82.917,76.106,78.522,86.897,69.317,77.693,83.914,65.196,75.938,85.211,76.602,81.186,94.656,54.572,32.153,13.274,43751,10139,2470,358,185,109,45,459,63.932,76.763,71.301,83.131,38424,15466,7797,46221,53890,327,"339
"
0.2,0.3,69.048,66.767,71.877,71.294,84.238,76.753,84.672,87.008,71.523,80.543,84.481,68.043,77.825,85.252,78.187,81.41,96.192,57.522,28.024,14.454,43872,10018,1737,195,195,95,49,317,65.819,81.032,74.806,88.388,40313,13577,5296,45609,53890,420,"339
"
0.4,0.6,66.864,66.182,68.064,71.423,83.101,76.487,78.375,86.905,69.646,78.127,84.025,65.646,76.669,85.193,77.181,81.564,94.9,56.047,29.794,14.159,43955,9935,2362,276,190,101,48,372,64.592,77.226,71.8,83.54,38693,15197,7624,46317,53890,322,"339
"
0.3,0.3,69.74,66.977,73.08,71.502,84.263,77.734,85.124,86.977,72.228,81.471,84.419,68.777,78.291,85.204,78.599,81.728,96.313,56.932,28.319,14.749,44043,9847,1686,166,193,96,50,301,66.199,82.239,76.012,89.578,40963,12927,4766,45729,53890,415,"339
"
0.0,0.0,69.178,67.265,71.604,71.653,84.513,76.77,84.145,87.019,71.569,80.642,84.553,68.185,78.473,85.154,78.72,81.752,96.424,56.637,28.024,15.339,44056,9834,1634,133,192,95,52,266,66.336,80.922,74.765,88.183,40291,13599,5399,45690,53890,398,"339
"
0.1,1.0,63.822,64.919,63.269,71.377,81.142,76.52,70.58,86.752,67.114,74.779,83.44,62.396,74.342,85.177,75.203,81.585,92.745,55.752,30.678,13.569,43966,9924,3439,464,189,104,46,539,62.249,72.424,68.066,77.378,36681,17209,10724,47405,53890,218,"339
"
0.6,0.8,64.273,65.796,63.335,71.706,81.974,75.698,72.276,86.646,67.298,75.384,83.534,62.971,76.255,84.842,76.901,82.188,93.956,57.522,29.794,12.684,44291,9599,2849,348,195,101,43,412,63.797,73.38,68.785,78.634,37068,16822,10072,47140,53890,240,"339
"
0.0,1.0,62.082,64.727,60.093,71.423,80.748,75.333,66.604,86.677,65.415,72.857,83.193,60.612,73.748,85.123,74.843,81.648,92.307,54.277,32.743,12.979,44000,9890,3667,590,184,111,44,608,61.602,69.429,65.42,73.961,35255,18635,12412,47667,53890,188,"339
"
0.5,0.8,64.321,65.658,63.544,71.568,81.981,75.651,73.057,86.717,67.347,75.38,83.627,63.038,75.732,84.945,76.365,81.832,93.738,56.342,29.499,14.159,44099,9791,2946,341,191,100,48,399,63.412,73.102,68.46,78.421,36893,16997,10152,47045,53890,264,"339
"
0.7,0.6,67.597,66.779,68.932,72.072,83.123,77.554,78.842,86.869,70.411,78.967,84.068,66.386,77.397,85.114,77.803,82.255,94.866,57.817,27.729,14.454,44327,9563,2399,219,196,94,49,340,65.152,78.258,73.056,84.257,39370,14520,7356,46726,53890,314,"339
"
0.5,0.1,69.319,67.302,71.854,71.693,84.513,76.778,84.479,87.017,71.714,80.812,84.552,68.328,78.517,85.153,78.77,81.8,96.428,56.932,28.614,14.454,44082,9808,1633,136,193,97,49,270,66.373,81.004,74.86,88.247,40342,13548,5373,45715,53890,404,"339
"
0.8,0.6,67.36,66.66,68.57,72.062,82.944,77.813,77.934,86.841,70.221,78.917,83.92,66.226,77.445,85.103,77.799,82.34,94.774,57.522,29.204,13.274,44373,9517,2447,191,195,99,45,318,65.179,78.372,73.231,84.289,39464,14426,7356,46820,53890,288,"339
"
0.1,0.2,69.406,67.188,72.162,71.685,84.333,76.94,85.252,86.976,71.863,81.099,84.412,68.457,78.464,85.231,78.753,81.878,96.324,57.227,28.319,14.454,44124,9766,1684,156,194,96,49,282,66.371,81.785,75.652,89,40769,13121,5039,45808,53890,410,"339
"
0.1,0.7,64.139,65.166,63.669,71.314,81.588,74.492,73.01,86.735,67.293,75.184,83.475,62.76,74.513,84.898,75.628,81.518,93.262,57.817,28.909,13.274,43930,9960,3174,601,196,98,45,577,62.202,73.511,68.883,78.806,37121,16769,9983,47104,53890,240,"339
"
0.7,0.3,69.176,67.334,71.527,71.888,84.273,77.042,83.857,86.985,71.648,80.784,84.489,68.253,78.569,85.111,78.809,82.056,96.193,57.522,28.024,14.454,44220,9670,1750,129,195,95,49,266,66.352,81.172,75.207,88.164,40529,13361,5441,45970,53890,396,"339
"
0.9,0.0,69.178,67.265,71.604,71.653,84.513,76.77,84.145,87.019,71.569,80.642,84.553,68.185,78.473,85.154,78.72,81.752,96.424,56.637,28.024,15.339,44056,9834,1634,133,192,95,52,266,66.336,80.922,74.765,88.183,40291,13599,5399,45690,53890,398,"339
"
1.0,0.7,65.768,66.155,65.926,71.751,82.507,76.778,74.594,86.728,68.691,77.077,83.697,64.511,76.651,84.937,77.204,82.084,94.388,56.932,29.794,13.274,44235,9655,2630,298,193,101,45,384,64.286,75.81,70.868,81.492,38191,15699,8674,46865,53890,261,"339
"
0.0,0.8,61.731,64.68,59.484,71.289,80.853,74.548,66.299,86.694,65.013,72.405,83.276,60.296,73.682,85.047,75.003,81.587,92.533,55.752,31.858,12.389,43967,9923,3548,712,189,108,42,659,61.482,68.947,64.869,73.573,34958,18932,12557,47515,53890,192,"339
"
1.0,0.3,69.236,67.435,71.545,71.975,84.3,77.08,83.84,86.971,71.699,80.884,84.463,68.317,78.753,85.091,78.985,82.182,96.255,57.522,28.319,14.159,44288,9602,1723,125,195,96,48,259,66.5,81.234,75.296,88.19,40577,13313,5434,46011,53890,390,"339
"
0.1,0.0,69.178,67.265,71.604,71.653,84.513,76.77,84.145,87.019,71.569,80.642,84.553,68.185,78.473,85.154,78.72,81.752,96.424,56.637,28.024,15.339,44056,9834,1634,133,192,95,52,266,66.336,80.922,74.765,88.183,40291,13599,5399,45690,53890,398,"339
"
0.9,0.7,65.773,66.216,65.888,71.925,82.349,76.659,74.933,86.686,68.751,77.064,83.614,64.436,76.766,84.864,77.33,82.336,94.268,57.227,29.204,13.569,44371,9519,2698,304,194,99,46,385,64.303,75.902,71.099,81.402,38315,15575,8754,47069,53890,261,"339
"
0.8,0.7,65.911,66.155,66.218,71.808,82.419,76.957,75.072,86.696,68.869,77.276,83.642,64.636,76.69,84.929,77.213,82.169,94.311,57.227,30.383,12.389,44281,9609,2671,282,194,103,42,365,64.306,76.232,71.325,81.864,38437,15453,8515,46952,53890,258,"339
"
0.7,0.9,63.877,65.601,62.739,71.851,81.551,75.881,70.822,86.728,67.048,74.877,83.513,62.532,75.539,85.094,76.174,82.14,93.229,57.227,28.909,13.864,44265,9625,3215,342,194,98,47,434,63.295,72.538,68.224,77.435,36766,17124,10714,47480,53890,220,"339
"
0.2,0.7,65.174,65.495,65.374,71.268,82.233,74.963,75.911,86.858,68.175,76.162,83.755,63.789,74.888,85.18,75.906,81.286,93.793,54.867,31.563,13.569,43805,10085,2899,549,186,107,46,527,62.841,74.903,69.909,80.665,37674,16216,9030,46704,53890,291,"339
"
0.3,0.4,68.589,66.447,71.277,71.128,83.964,77.011,83.161,86.985,71.138,80.117,84.287,67.528,77.363,85.264,77.834,81.273,95.941,55.457,29.794,14.749,43798,10092,1853,254,188,101,50,368,65.387,80.449,74.299,87.709,40040,13850,5611,45651,53890,401,"339
"
0.6,0.6,67.463,66.406,69.034,71.704,83.064,77.208,79.384,86.904,70.285,78.842,84.08,66.29,76.851,85.151,77.324,81.824,94.787,55.752,29.499,14.749,44095,9795,2425,255,189,100,50,380,64.701,78.424,73.062,84.637,39373,14517,7147,46520,53890,321,"339
"
0.3,0.2,69.216,67.482,71.452,71.877,84.527,76.55,84.379,87.003,71.605,80.766,84.555,68.292,78.844,85.121,79.093,82.063,96.506,57.227,28.319,14.454,44224,9666,1601,134,194,96,49,267,66.634,81.25,75.17,88.399,40509,13381,5316,45825,53890,402,"339
"
0.9,0.4,68.572,67.171,70.479,71.992,83.85,76.824,82.102,86.917,71.167,80.126,84.253,67.509,78.298,85.066,78.595,82.227,95.77,57.522,28.319,14.159,44312,9578,1957,160,195,96,48,286,66.018,80.318,74.639,86.933,40223,13667,6046,46269,53890,364,"339
"
0.9,0.5,67.808,67.058,69.054,72.042,83.59,76.816,80.012,86.877,70.464,79.295,84.166,66.739,77.964,85.102,78.291,82.238,95.42,57.227,28.319,14.454,44318,9572,2127,176,194,96,49,295,65.713,79.063,73.602,85.4,39664,14226,6781,46445,53890,333,"339
"
0.0,0.5,66.321,65.749,67.408,71.395,82.435,76.352,77.199,86.814,69.297,77.725,83.706,65.061,75.708,85.11,76.625,81.616,94.236,56.637,29.794,13.569,43983,9907,2690,494,192,101,46,483,63.555,76.728,71.59,82.66,38580,15310,8093,46673,53890,294,"339
"
1.0,0.4,68.589,67.138,70.547,71.971,83.828,76.874,82.23,86.911,71.191,80.185,84.213,67.526,78.324,85.061,78.623,82.24,95.788,57.522,28.024,14.454,44319,9571,1949,161,195,95,49,285,66.039,80.359,74.676,86.978,40243,13647,6025,46268,53890,362,"339
"
0.6,0.5,67.834,66.75,69.42,71.807,83.456,76.707,80.587,86.916,70.536,79.262,84.187,66.728,77.432,85.137,77.833,81.937,95.229,55.162,30.383,14.454,44156,9734,2212,216,187,103,49,332,65.254,79.222,73.693,85.647,39713,14177,6655,46368,53890,351,"339
"
1.0,0.9,63.385,65.724,61.687,71.884,81.673,74.795,69.903,86.671,66.491,74.375,83.415,62.04,75.888,85.004,76.554,82.284,93.489,57.227,29.499,13.274,44343,9547,3088,359,194,100,45,427,63.549,71.762,67.461,76.648,36355,17535,11076,47431,53890,231,"339
"
0.2,1.0,63.586,65.071,62.648,71.184,81.689,75.266,71.309,86.861,66.694,74.25,83.743,62.179,74.335,85.198,75.224,81.182,93.162,54.277,31.563,14.159,43749,10141,3211,479,184,107,48,518,62.318,71.756,67.142,77.051,36183,17707,10777,46960,53890,262,"339
"
0.9,0.3,69.226,67.432,71.529,71.971,84.3,77.064,83.841,86.971,71.69,80.872,84.464,68.308,78.746,85.092,78.979,82.177,96.255,57.227,28.614,14.159,44285,9605,1723,126,194,97,48,260,66.495,81.213,75.274,88.169,40565,13325,5443,46008,53890,391,"339
"
0.2,0.5,67.007,65.776,68.756,70.797,83.354,75.694,80.957,86.942,69.698,78.18,84.086,65.739,76.018,85.256,76.671,80.803,95.135,56.047,29.794,14.159,43545,10345,2227,352,190,101,48,464,64.104,78.034,72.156,84.954,38885,15005,6887,45772,53890,387,"339
"
0.9,1.0,62.854,65.587,60.776,71.899,81.409,74.709,68.803,86.653,66.008,73.755,83.447,61.546,75.595,84.842,76.276,82.297,93.182,57.522,29.204,13.274,44350,9540,3245,367,195,99,45,420,63.12,71.354,67.187,76.073,36207,17683,11388,47595,53890,218,"339
"
0.3,0.7,65.74,65.51,66.48,71.108,82.462,75.919,76.42,86.851,68.676,76.935,83.808,64.478,75.276,85.122,76.062,81.147,94.104,55.162,31.268,13.569,43730,10160,2740,424,187,106,46,488,63.203,75.462,70.267,81.487,37867,16023,8603,46470,53890,309,"339
"
0.1,0.6,63.852,65.159,63.12,70.836,82.264,73.476,74.389,86.823,66.773,74.575,83.75,62.457,74.734,85.147,75.78,80.945,94.003,56.047,30.383,13.569,43621,10269,2783,564,190,103,46,547,62.711,73.508,68.402,79.437,36862,17028,9542,46404,53890,304,"339
"
0.3,0.9,64.406,65.108,64.222,70.985,81.952,76.094,73.112,86.789,67.436,75.441,83.685,63.133,75.159,85.025,75.84,81.228,93.779,54.572,30.383,15.044,43774,10116,2904,367,185,103,51,461,62.995,73.691,68.76,79.384,37055,16835,9623,46678,53890,283,"339
"
0.7,0.1,69.312,67.304,71.839,71.696,84.512,76.763,84.467,87.016,71.708,80.805,84.55,68.321,78.527,85.154,78.775,81.806,96.428,56.932,28.614,14.454,44085,9805,1633,134,193,97,49,270,66.382,80.998,74.856,88.237,40340,13550,5378,45718,53890,402,"339
"
0.9,0.6,66.998,66.694,67.81,72.164,82.845,77.532,76.841,86.819,69.878,78.498,83.905,65.863,77.471,84.989,77.844,82.475,94.683,58.997,27.729,13.274,44446,9444,2496,201,200,94,45,321,65.09,77.745,72.733,83.499,39196,14694,7746,46942,53890,282,"339
"
0.9,0.2,69.332,67.481,71.697,71.92,84.452,76.866,84.219,86.981,71.748,80.9,84.51,68.369,78.812,85.103,79.048,82.104,96.411,57.227,28.319,14.454,44246,9644,1647,127,194,96,49,256,66.581,81.284,75.253,88.366,40554,13336,5339,45893,53890,397,"339
"
0.0,0.1,69.281,67.087,72,71.564,84.309,76.94,84.924,86.929,71.724,80.999,84.395,68.359,78.514,85.204,78.762,81.822,96.395,56.932,28.614,14.454,44094,9796,1649,134,193,97,49,273,66.407,81.033,74.908,88.25,40368,13522,5375,45743,53890,405,"339
"
0.4,0.7,66.263,65.861,67.185,71.535,82.427,76.593,76.792,86.849,69.247,77.55,83.832,65.011,75.955,85.133,76.591,81.689,94.126,56.047,29.794,14.159,44022,9868,2747,343,190,101,48,433,63.81,76.17,71.138,81.969,38336,15554,8433,46769,53890,290,"339
"
1.0,0.6,66.83,66.663,67.496,72.239,82.697,76.803,76.873,86.813,69.753,78.298,83.87,65.668,77.395,85.064,77.76,82.557,94.509,58.997,27.434,13.569,44490,9400,2585,197,200,93,46,307,65.064,77.71,72.796,83.335,39230,14660,7845,47075,53890,283,"339
"
0.9,0.9,63.354,65.689,61.632,72.024,81.442,75.075,69.903,86.678,66.533,74.437,83.441,62.111,75.608,84.941,76.263,82.349,93.118,57.227,29.794,12.979,44378,9512,3280,353,194,101,44,416,63.207,71.806,67.654,76.501,36459,17431,11199,47658,53890,222,"339
"
0.4,0.8,64.352,65.632,63.62,71.469,82.095,75.748,72.601,86.754,67.344,75.384,83.673,63.076,75.552,84.977,76.209,81.633,93.77,56.047,30.383,13.569,43992,9898,2923,354,190,103,46,420,63.288,73.248,68.508,78.693,36919,16971,9996,46915,53890,275,"339
"
0.3,0.1,69.343,67.334,71.874,71.744,84.483,76.862,84.467,87.005,71.749,80.863,84.53,68.354,78.532,85.144,78.779,81.85,96.384,56.932,28.614,14.454,44109,9781,1655,133,193,97,49,267,66.373,81.277,75.149,88.493,40498,13392,5266,45764,53890,401,"339
"
0.4,0.1,69.217,67.318,71.629,71.701,84.528,76.592,84.33,87.021,71.605,80.685,84.558,68.225,78.508,85.158,78.764,81.794,96.428,56.932,28.614,14.454,44079,9811,1633,138,193,97,49,272,66.368,81.053,74.903,88.303,40365,13525,5347,45712,53890,403,"339
"
0.6,0.9,64.379,65.85,63.47,71.824,81.967,76.171,71.4,86.745,67.429,75.463,83.645,63.121,75.973,85.097,76.576,82.101,93.696,57.817,28.614,13.569,44244,9646,2977,325,196,97,46,419,63.738,73.349,68.811,78.529,37082,16808,10139,47221,53890,226,"339
"
0.5,0.7,66.187,66.016,66.883,71.665,82.45,76.699,76.323,86.796,69.151,77.438,83.789,64.885,76.148,85.024,76.777,81.848,94.165,56.932,29.499,13.569,44108,9782,2733,339,193,100,46,400,63.89,76.485,71.483,82.24,38522,15368,8319,46841,53890,283,"339
"
0.8,1.0,63.625,65.647,62.206,71.814,81.618,75.615,70.237,86.678,66.744,74.599,83.558,62.333,75.827,84.965,76.458,82.223,93.447,57.817,28.024,14.159,44310,9580,3107,340,196,95,48,411,63.464,72.536,68.18,77.487,36742,17148,10675,47417,53890,225,"339
"
0.8,0.5,68.048,67.073,69.522,72.112,83.504,77.061,80.165,86.851,70.738,79.673,84.116,67.018,78.167,84.999,78.464,82.41,95.43,56.637,29.204,14.159,44411,9479,2127,160,192,99,48,288,65.804,79.611,74.181,85.9,39976,13914,6562,46538,53890,328,"339
"
